{"cameraMode":{"drawMode":0,"name":"Shaded","section":"Shading Mode"},"sceneLighting":true,"audioPlay":false,"sceneViewState":{"m_AlwaysRefresh":false,"showFog":true,"showSkybox":true,"showFlares":true,"showImageEffects":true,"showParticleSystems":true,"showVisualEffectGraphs":true,"m_FxEnabled":true},"in2DMode":false,"pivot":{"x":-10.548430442810059,"y":-57.23446273803711,"z":-357.8036804199219},"rotation":{"x":-0.0006770646432414651,"y":0.9963513612747192,"z":-0.0826956108212471,"w":0.0008149832719936967},"size":112.14163208007813,"orthographic":false}